,similarity_metric,accuracy
0,random,0.023622047244094488
1,Edit_Distance,0.07086614173228346
2,jaccard,0.2283464566929134
3,BM25,0.015748031496062992
4,Jaro,0.30708661417322836
5,jaro_winkler,0.30708661417322836
6,cosine,0.05511811023622047
7,mybert,0.8582677165354331
